state;mes;total_casos;total_mortes;letalidade;
AL;01/03/2020;149;1;0;671
AM;01/03/2020;905;9;0;994
BA;01/03/2020;1292;4;0;310
CE;01/03/2020;2755;27;0;980
DF;01/03/2020;2507;5;0;199
GO;01/03/2020;501;6;0;7
MA;01/03/2020;128;2;0;10
MG;01/03/2020;1928;3;0;3
MS;01/03/2020;346;1;0;10
PE;01/03/2020;707;30;0;2
PI;01/03/2020;108;9;0;12
PR;01/03/2020;1235;12;0;16
RJ;01/03/2020;5042;116;0;2
RN;01/03/2020;382;3;0;3
RO;01/03/2020;53;1;0;42
RS;01/03/2020;1863;15;0;83
SC;01/03/2020;1534;7;0;10
SP;01/03/2020;14151;730;0;23
AC;01/04/2020;4432;174;0;8
AL;01/04/2020;6918;397;0;19
AM;01/04/2020;58086;4336;0;8
AP;01/04/2020;11317;312;0;5
BA;01/04/2020;35011;1133;0;52
CE;01/04/2020;90285;4953;0;39
DF;01/04/2020;22540;542;0;57
ES;01/04/2020;25697;782;0;75
GO;01/04/2020;9956;443;0;28
MA;01/04/2020;30809;1534;0;32
MG;01/04/2020;29706;1005;0;55
MS;01/04/2020;4212;131;0;24
MT;01/04/2020;4627;142;0;30
PA;01/04/2020;23777;1248;0;44
PB;01/04/2020;6942;724;0;50
PE;01/04/2020;66939;5874;0;34
PI;01/04/2020;4382;315;0;31
PR;01/04/2020;24567;1195;0;31
RJ;01/04/2020;125672;10001;0;52
RN;01/04/2020;14596;684;0;104
RO;01/04/2020;4366;127;0;88
RR;01/04/2020;5519;81;0;72
RS;01/04/2020;23714;648;0;49
SC;01/04/2020;26405;789;0;80
SE;01/04/2020;2924;163;0;47
SP;01/04/2020;373383;28245;0;29
TO;01/04/2020;1119;26;0;15
AC;01/05/2020;81566;2101;0;27
AL;01/05/2020;130843;6666;0;30
AM;01/05/2020;637448;40676;0;56
AP;01/05/2020;135432;3636;0;76
BA;01/05/2020;287325;9987;0;23
CE;01/05/2020;770923;52057;0;26
DF;01/05/2020;141985;2293;0;51
ES;01/05/2020;222876;9430;0;64
GO;01/05/2020;55741;2198;0;27
MA;01/05/2020;435911;16935;0;35
MG;01/05/2020;153328;5064;0;68
MS;01/05/2020;20333;439;0;16
MT;01/05/2020;31017;892;0;42
PA;01/05/2020;493993;42386;0;39
PB;01/05/2020;159930;5998;0;39
PE;01/05/2020;599158;48408;0;33
PI;01/05/2020;71317;2332;0;22
PR;01/05/2020;78150;3984;0;29
RJ;01/05/2020;814924;86092;0;86
RN;01/05/2020;104674;4536;0;38
RO;01/05/2020;68817;2402;0;81
RR;01/05/2020;55675;1618;0;33
RS;01/05/2020;134524;4272;0;51
SC;01/05/2020;154447;2685;0;106
SE;01/05/2020;103895;2004;0;43
SP;01/05/2020;1935800;147938;0;35
TO;01/05/2020;48850;1003;0;29
AC;01/06/2020;299273;8014;0;32
AL;01/06/2020;700822;23054;0;17
AM;01/06/2020;1730550;74790;0;19
AP;01/06/2020;568499;9860;0;76
BA;01/06/2020;1231094;36252;0;21
CE;01/06/2020;2453829;148267;0;27
DF;01/06/2020;806294;10543;0;33
ES;01/06/2020;877915;33948;0;43
GO;01/06/2020;361483;7890;0;17
MA;01/06/2020;1820098;45394;0;29
MG;01/06/2020;728718;16769;0;60
MS;01/06/2020;125175;1170;0;13
MT;01/06/2020;227708;8148;0;39
PA;01/06/2020;2175831;125315;0;22
PB;01/06/2020;907076;19844;0;25
PE;01/06/2020;1406714;116613;0;23
PI;01/06/2020;350475;11686;0;9
PR;01/06/2020;352738;11303;0;36
RJ;01/06/2020;2540147;238688;0;58
RN;01/06/2020;483128;18457;0;22
RO;01/06/2020;383523;10252;0;83
RR;01/06/2020;239787;6218;0;33
RS;01/06/2020;509457;11705;0;32
SC;01/06/2020;475089;6629;0;94
SE;01/06/2020;459657;11359;0;38
SP;01/06/2020;5726739;337023;0;27
TO;01/06/2020;221100;4227;0;26
AC;01/07/2020;520593;13797;0;23
AL;01/07/2020;1491542;41494;0;14
AM;01/07/2020;2707699;95576;0;25
AP;01/07/2020;1015459;15470;0;59
BA;01/07/2020;3649880;83068;0;19
CE;01/07/2020;4434328;217854;0;27
DF;01/07/2020;2415365;31711;0;28
ES;01/07/2020;2072410;66026;0;35
GO;01/07/2020;1306702;31532;0;15
MA;01/07/2020;3191033;80245;0;23
MG;01/07/2020;2650879;56949;0;49
MS;01/07/2020;487090;6452;0;13
MT;01/07/2020;1011677;37552;0;32
PA;01/07/2020;4089843;167251;0;24
PB;01/07/2020;2015070;43670;0;25
PE;01/07/2020;2370950;179447;0;21
PI;01/07/2020;1130113;31796;0;13
PR;01/07/2020;1539126;38565;0;37
RJ;01/07/2020;4287133;366403;0;41
RN;01/07/2020;1283060;45761;0;22
RO;01/07/2020;910531;21223;0;76
RR;01/07/2020;750377;13003;0;28
RS;01/07/2020;1415014;36292;0;25
SC;01/07/2020;1585292;19878;0;85
SE;01/07/2020;1294238;33215;0;36
SP;01/07/2020;12489361;587483;0;23
TO;01/07/2020;527100;8763;0;17
AC;01/08/2020;699938;17945;0;26
AL;01/08/2020;2216645;54122;0;13
AM;01/08/2020;3451821;107636;0;26
AP;01/08/2020;1231499;19127;0;47
BA;01/08/2020;6647157;137460;0;17
CE;01/08/2020;6095160;251652;0;26
DF;01/08/2020;4224094;62324;0;24
ES;01/08/2020;3062480;89276;0;31
GO;01/08/2020;3150724;73511;0;16
MA;01/08/2020;4251331;100966;0;21
MG;01/08/2020;5368763;127809;0;41
MS;01/08/2020;1148841;19320;0;15
MT;01/08/2020;2264054;71809;0;29
PA;01/08/2020;5517418;184703;0;23
PB;01/08/2020;2963271;66779;0;24
PE;01/08/2020;3462120;221621;0;24
PI;01/08/2020;2034160;49542;0;17
PR;01/08/2020;3250154;82709;0;32
RJ;01/08/2020;6044096;456563;0;33
RN;01/08/2020;1780027;64291;0;23
RO;01/08/2020;1481732;31305;0;64
RR;01/08/2020;1204495;17394;0;24
RS;01/08/2020;3015822;84205;0;25
SC;01/08/2020;3721115;54550;0;76
SE;01/08/2020;2084623;52244;0;36
SP;01/08/2020;21362587;830582;0;21
TO;01/08/2020;1168293;16144;0;14
AC;01/09/2020;795537;19220;0;28
AL;01/09/2020;2491576;59677;0;15
AM;01/09/2020;3876892;117611;0;25
AP;01/09/2020;1384546;20556;0;39
BA;01/09/2020;8599584;182333;0;14
CE;01/09/2020;6898515;261912;0;24
DF;01/09/2020;5364471;88539;0;24
ES;01/09/2020;3649051;101144;0;30
GO;01/09/2020;5156689;117808;0;15
MA;01/09/2020;4929664;108185;0;21
MG;01/09/2020;7731969;192147;0;38
MS;01/09/2020;1810934;33046;0;17
MT;01/09/2020;3248468;93717;0;28
PA;01/09/2020;6489909;191411;0;23
PB;01/09/2020;3427614;79627;0;22
PE;01/09/2020;4142847;237535;0;25
PI;01/09/2020;2626666;59599;0;18
PR;01/09/2020;4717003;117943;0;29
RJ;01/09/2020;7365687;519419;0;29
RN;01/09/2020;1976856;69839;0;23
RO;01/09/2020;1840082;37823;0;57
RR;01/09/2020;1414409;18414;0;23
RS;01/09/2020;4875057;124916;0;25
SC;01/09/2020;5998817;76993;0;71
SE;01/09/2020;2256456;58667;0;35
SP;01/09/2020;27207382;992445;0;21
TO;01/09/2020;1818101;24720;0;13
AC;01/10/2020;916250;21028;0;26
AL;01/10/2020;2767394;67065;0;13
AM;01/10/2020;4672995;133979;0;26
AP;01/10/2020;1552128;22651;0;36
BA;01/10/2020;10309589;224650;0;14
CE;01/10/2020;8108308;284729;0;23
DF;01/10/2020;6307011;108592;0;24
ES;01/10/2020;4445544;114796;0;29
GO;01/10/2020;7289291;164301;0;15
MA;01/10/2020;5592717;121270;0;22
MG;01/10/2020;10251139;256939;0;35
MS;01/10/2020;2369415;45532;0;17
MT;01/10/2020;4162173;112586;0;26
PA;01/10/2020;7478456;206733;0;23
PB;01/10/2020;3953848;92064;0;22
PE;01/10/2020;4812615;262295;0;25
PI;01/10/2020;3253977;70181;0;19
PR;01/10/2020;6124604;151538;0;27
RJ;01/10/2020;8954496;607652;0;28
RN;01/10/2020;2349062;77158;0;23
RO;01/10/2020;2133058;43812;0;55
RR;01/10/2020;1666018;21003;0;22
RS;01/10/2020;6854603;164517;0;25
SC;01/10/2020;7268265;91688;0;68
SE;01/10/2020;2515547;65812;0;33
SP;01/10/2020;32690638;1169135;0;21
TO;01/10/2020;2236811;32021;0;13
AC;01/11/2020;999278;21245;0;24
AL;01/11/2020;2780966;68834;0;13
AM;01/11/2020;5098050;141443;0;26
AP;01/11/2020;1657479;23309;0;36
BA;01/11/2020;11263836;238750;0;14
CE;01/11/2020;8581298;283706;0;21
DF;01/11/2020;6618506;114550;0;25
ES;01/11/2020;5145678;121195;0;28
GO;01/11/2020;8040541;181626;0;14
MA;01/11/2020;5690196;125450;0;21
MG;01/11/2020;11546699;285094;0;33
MS;01/11/2020;2674242;50578;0;17
MT;01/11/2020;4529798;118830;0;24
PA;01/11/2020;7855935;204889;0;23
PB;01/11/2020;4174928;96168;0;22
PE;01/11/2020;5145948;265068;0;25
PI;01/11/2020;3601432;75784;0;19
PR;01/11/2020;7242674;170424;0;26
RJ;01/11/2020;9877873;644894;0;26
RN;01/11/2020;2557430;79022;0;23
RO;01/11/2020;2267036;45076;0;52
RR;01/11/2020;1814707;21248;0;21
RS;01/11/2020;8447528;188279;0;24
SC;01/11/2020;9094767;101181;0;65
SE;01/11/2020;2596287;67816;0;31
SP;01/11/2020;35211665;1218570;0;20
TO;01/11/2020;2349258;33975;0;12
AC;01/12/2020;1211267;23487;0;22
AL;01/12/2020;3094305;74399;0;11
AM;01/12/2020;5869828;156782;0;26
AP;01/12/2020;1982736;26774;0;35
BA;01/12/2020;14058572;269672;0;14
CE;01/12/2020;9860223;304843;0;19
DF;01/12/2020;7478536;127132;0;24
ES;01/12/2020;6815053;144723;0;27
GO;01/12/2020;9173819;204637;0;14
MA;01/12/2020;6130443;136450;0;19
MG;01/12/2020;14879689;338243;0;31
MS;01/12/2020;3618663;62264;0;17
MT;01/12/2020;5232721;131926;0;21
PA;01/12/2020;8761731;217960;0;22
PB;01/12/2020;4842134;108028;0;22
PE;01/12/2020;6280294;289839;0;23
PI;01/12/2020;4207000;84923;0;17
PR;01/12/2020;10902643;218581;0;25
RJ;01/12/2020;12273445;745519;0;25
RN;01/12/2020;3288022;87792;0;22
RO;01/12/2020;2719615;51898;0;46
RR;01/12/2020;2063343;23541;0;20
RS;01/12/2020;12062362;243283;0;20
SC;01/12/2020;13617305;140272;0;61
SE;01/12/2020;3133983;74031;0;27
SP;01/12/2020;42019313;1378243;0;19
TO;01/12/2020;2674340;37330;0;11
AC;01/01/2021;1384282;25860;0;20
AL;01/01/2021;3442560;81050;0;10
AM;01/01/2021;7136398;197457;0;24
AP;01/01/2021;2257005;30839;0;33
BA;01/01/2021;16614570;297962;0;14
CE;01/01/2021;10929766;316888;0;19
DF;01/01/2021;8183601;136695;0;24
ES;01/01/2021;8463742;169926;0;28
GO;01/01/2021;10158782;220178;0;14
MA;01/01/2021;6312803;142574;0;18
MG;01/01/2021;19675212;413699;0;29
MS;01/01/2021;4609662;82105;0;17
MT;01/01/2021;6109545;146760;0;20
PA;01/01/2021;9584805;229208;0;22
PB;01/01/2021;5505081;120217;0;23
PE;01/01/2021;7451710;309729;0;21
PI;01/01/2021;4671755;91340;0;18
PR;01/01/2021;15235004;279218;0;24
RJ;01/01/2021;14813478;856569;0;24
RN;01/01/2021;3997860;97711;0;22
RO;01/01/2021;3375932;62287;0;42
RR;01/01/2021;2198504;25133;0;20
RS;01/01/2021;15523861;304936;0;18
SC;01/01/2021;16644745;181059;0;58
SE;01/01/2021;3922982;81820;0;24
SP;01/01/2021;50008052;1542007;0;18
TO;01/01/2021;2975445;40459;0;11
AC;01/02/2021;1486249;26019;0;20
AL;01/02/2021;3492545;80437;0;11
AM;01/02/2021;8256755;274357;0;21
AP;01/02/2021;2257122;30904;0;31
BA;01/02/2021;17726946;303292;0;14
CE;01/02/2021;11134658;302974;0;18
DF;01/02/2021;8007193;131474;0;23
ES;01/02/2021;8703370;172306;0;33
GO;01/02/2021;10434751;224367;0;14
MA;01/02/2021;5970832;136188;0;17
MG;01/02/2021;22624441;471053;0;27
MS;01/02/2021;4790729;87497;0;16
MT;01/02/2021;6533021;151059;0;20
PA;01/02/2021;9737337;225444;0;22
PB;01/02/2021;5760890;119357;0;23
PE;01/02/2021;7875747;299068;0;21
PI;01/02/2021;4652287;89346;0;18
PR;01/02/2021;16655715;302941;0;23
RJ;01/02/2021;15570980;881983;0;23
RN;01/02/2021;4281104;95781;0;21
RO;01/02/2021;3845928;71181;0;38
RR;01/02/2021;2177226;27348;0;19
RS;01/02/2021;16472878;320661;0;18
SC;01/02/2021;17340510;189955;0;57
SE;01/02/2021;4055485;80487;0;22
SP;01/02/2021;53672010;1578807;0;19
TO;01/02/2021;3010928;40698;0;13
AC;01/03/2021;1972691;35276;0;19
AL;01/03/2021;4421853;100862;0;11
AM;01/03/2021;10337878;359011;0;20
AP;01/03/2021;2785247;37362;0;29
BA;01/03/2021;23196823;420299;0;14
CE;01/03/2021;14883078;387117;0;18
DF;01/03/2021;9955777;163639;0;23
ES;01/03/2021;10887398;212249;0;35
GO;01/03/2021;13641862;306183;0;13
MA;01/03/2021;7145352;172172;0;18
MG;01/03/2021;30778816;654019;0;26
MS;01/03/2021;6116325;115202;0;16
MT;01/03/2021;8590654;200712;0;19
PA;01/03/2021;12058489;294043;0;22
PB;01/03/2021;7452621;156757;0;24
PE;01/03/2021;10009259;356865;0;21
PI;01/03/2021;5832158;114328;0;19
PR;01/03/2021;23675370;436585;0;23
RJ;01/03/2021;19002098;1074187;0;24
RN;01/03/2021;5625240;124325;0;21
RO;01/03/2021;5231536;108007;0;36
RR;01/03/2021;2667914;38397;0;20
RS;01/03/2021;23316098;488452;0;18
SC;01/03/2021;23037347;280132;0;57
SE;01/03/2021;5021699;98951;0;22
SP;01/03/2021;69462995;2037548;0;21
TO;01/03/2021;3953086;53835;0;14
AC;01/04/2021;2232100;41847;0;21
AL;01/04/2021;4923043;117128;0;12
AM;01/04/2021;10836760;370059;0;20
AP;01/04/2021;3067129;43033;0;29
BA;01/04/2021;25602252;509900;0;14
CE;01/04/2021;18190250;476086;0;19
DF;01/04/2021;10897816;210876;0;24
ES;01/04/2021;12337573;255494;0;34
GO;01/04/2021;15544936;400642;0;14
MA;01/04/2021;7624658;201893;0;20
MG;01/04/2021;37569503;876476;0;26
MS;01/04/2021;7010645;151644;0;19
MT;01/04/2021;10071297;261922;0;21
PA;01/04/2021;13365354;349776;0;26
PB;01/04/2021;8302876;190064;0;26
PE;01/04/2021;11337162;392267;0;23
PI;01/04/2021;6712009;139278;0;22
PR;01/04/2021;26951409;593629;0;26
RJ;01/04/2021;20837376;1217266;0;26
RN;01/04/2021;6302341;150604;0;23
RO;01/04/2021;6041963;141368;0;35
RR;01/04/2021;2788417;42720;0;21
RS;01/04/2021;27316742;679845;0;22
SC;01/04/2021;25460199;370610;0;58
SE;01/04/2021;5650462;116743;0;24
SP;01/04/2021;81062296;2581843;0;23
TO;01/04/2021;4528547;69401;0;15
AC;01/05/2021;1834364;36712;0;25
AL;01/05/2021;4177509;101806;0;15
AM;01/05/2021;8668948;293990;0;21
AP;01/05/2021;2490069;36838;0;32
BA;01/05/2021;21663775;448851;0;15
CE;01/05/2021;16650517;431522;0;20
DF;01/05/2021;8950933;188332;0;24
ES;01/05/2021;10430473;230904;0;34
GO;01/05/2021;13187594;363975;0;15
MA;01/05/2021;6344348;175059;0;21
MG;01/05/2021;33037620;839285;0;26
MS;01/05/2021;6002972;140363;0;21
MT;01/05/2021;8646194;232270;0;22
PA;01/05/2021;11279170;314876;0;28
PB;01/05/2021;7016882;163768;0;28
PE;01/05/2021;9957053;338651;0;25
PI;01/05/2021;5821107;124936;0;23
PR;01/05/2021;23056923;554723;0;27
RJ;01/05/2021;18316503;1083563;0;28
RN;01/05/2021;5522111;131813;0;23
RO;01/05/2021;5045324;124310;0;34
RR;01/05/2021;2277665;35790;0;21
RS;01/05/2021;23423610;604374;0;24
SC;01/05/2021;21125100;327263;0;59
SE;01/05/2021;4920045;105991;0;24
SP;01/05/2021;70008001;2352073;0;25
TO;01/05/2021;3826993;61637;0;16
